{"cameraMode":{"drawMode":0,"name":"Shaded","section":"Shading Mode"},"sceneLighting":true,"audioPlay":false,"sceneViewState":{"m_AlwaysRefresh":false,"showFog":true,"showSkybox":true,"showFlares":true,"showImageEffects":true,"showParticleSystems":true,"showVisualEffectGraphs":true,"m_FxEnabled":true},"in2DMode":false,"pivot":{"x":41.681983947753909,"y":1.5645523071289063,"z":68.71981811523438},"rotation":{"x":0.14293213188648225,"y":-0.00840647704899311,"z":0.0010877707973122597,"w":0.9899159073829651},"size":14.05674934387207,"orthographic":false}